TriggerName,FiringCount
Status_OnGPU,9399
Dataset_ScoutingPFRun3,9399
Dataset_Muon0,9399
DST_HLTMuon_Run3_PFScoutingPixelTracking_v20,9399
HLT_Mu0_L1DoubleMu_v5,7981
HLT_DoubleMu4_3_LowMass_v5,6702
DST_Run3_DoubleMu3_PFScoutingPixelTracking_v20,5901
Dataset_ReservedDoubleMuonLowMass,4984
HLT_L3Mu10NoVtx_v4,3911
HLT_L2Mu10NoVtx_2Cha_v3,3865
HLT_L2Mu10NoVtx_2Cha_CosmicSeed_v3,3622
HLT_DoubleMu4_LowMass_Displaced_v5,3333
HLT_L3Mu10NoVtx_DxyMin0p01cm_v4,2832
HLT_Dimuon25_Jpsi_v18,2690
HLT_L2Mu23NoVtx_2Cha_v4,2570
HLT_Dimuon25_Jpsi_noCorrL1_v10,2320
HLT_L2Mu23NoVtx_2Cha_CosmicSeed_v4,2219
HLT_DoubleL3Mu16_10NoVtx_DxyMin0p01cm_v5,2149
HLT_DoubleMu4_MuMuTrk_Displaced_v19,1872
HLT_DoubleL3Mu18_10NoVtx_DxyMin0p01cm_v4,1865
HLT_DoubleL3dTksMu16_10NoVtx_DxyMin0p01cm_v4,1755
HLT_DoubleL3Mu20_10NoVtx_DxyMin0p01cm_v4,1601
HLT_Dimuon0_Jpsi3p5_Muon2_v9,1488
HLT_DoubleL2Mu_L3Mu18NoVtx_VetoL3Mu0DxyMax0p1cm_v4,1425
HLT_DoubleL2Mu_L3Mu16NoVtx_VetoL3Mu0DxyMax0p1cm_v4,1425
HLT_TrkMu12_DoubleTrkMu5NoFiltersNoVtx_v10,1184
HLT_DoubleL2Mu10NoVtx_2Cha_CosmicSeed_VetoL3Mu0DxyMax1cm_v4,1160
HLT_DoubleMu4_JpsiTrkTrk_Displaced_v11,1048
HLT_ExpressMuons_v4,933
HLT_IsoMu24_v17,928
HLT_TripleMu_10_5_5_DZ_v14,912
DST_Physics_v9,905
Dataset_L1Accept,905
Dataset_ParkingDoubleMuonLowMass1,900
Dataset_ParkingDoubleMuonLowMass4,899
HLT_DoubleL2Mu10NoVtx_2Cha_VetoL3Mu0DxyMax1cm_v5,875
Dataset_ParkingDoubleMuonLowMass5,874
Dataset_ParkingDoubleMuonLowMass2,872
Dataset_ParkingDoubleMuonLowMass6,871
Dataset_ParkingDoubleMuonLowMass0,865
Dataset_ParkingDoubleMuonLowMass7,865
HLT_IsoMu24_eta2p1_v19,854
Dataset_ParkingDoubleMuonLowMass3,844
HLT_Mu30_TkMu0_Psi_v5,755
DST_Run3_JetHT_PFScoutingPixelTracking_v20,664
HLT_IsoMu27_v20,628
HLT_DoubleL2Mu12NoVtx_2Cha_CosmicSeed_VetoL3Mu0DxyMax1cm_v4,595
HLT_DoubleMu2_Jpsi_DoubleTrk1_Phi1p05_v10,556
Dataset_AlCaP0,544
HLT_DoubleL2Mu25NoVtx_2Cha_Eta2p4_v5,539
HLT_TripleMu_12_10_5_v14,514
HLT_DoubleL2Mu23NoVtx_2Cha_v5,503
HLT_TripleMu_5_3_3_Mass3p8_DZ_v12,496
HLT_L2Mu10NoVtx_2Cha_VetoL3Mu0DxyMax1cm_v4,464
AlCa_EcalPi0EBonly_v18,451
HLT_DoubleL2Mu12NoVtx_2Cha_VetoL3Mu0DxyMax1cm_v4,446
HLT_Mu50_v17,434
HLT_DoubleL2Mu23NoVtx_2Cha_CosmicSeed_v5,425
HLT_DoubleL2Mu25NoVtx_2Cha_CosmicSeed_Eta2p4_v5,415
HLT_DoubleL2Mu25NoVtx_2Cha_v5,383
Dataset_OnlineMonitor,378
HLT_DoubleL2Mu30NoVtx_2Cha_Eta2p4_v5,339
HLT_DoubleL2Mu25NoVtx_2Cha_CosmicSeed_v5,315
HLT_Mu55_v7,311
HLT_DoubleMu4_3_Jpsi_v19,283
HLT_L2Mu10NoVtx_2Cha_CosmicSeed_VetoL3Mu0DxyMax1cm_v4,280
HLT_DoubleL2Mu14NoVtx_2Cha_VetoL3Mu0DxyMax1cm_v4,254
HLT_DoubleL2Mu30NoVtx_2Cha_CosmicSeed_Eta2p4_v5,240
HLT_Mu18_Mu9_SameSign_v8,235
Dataset_ExpressPhysics,227
HLT_TripleMu_5_3_3_Mass3p8_DCA_v7,224
AlCa_RPCMuonNormalisation_v16,216
Dataset_RPCMonitor,216
HLT_DoubleMu3_DZ_PFMET50_PFMHT60_v14,211
HLT_Dimuon14_PsiPrime_v17,199
HLT_DoubleMu3_DCA_PFMET50_PFMHT60_v14,197
HLT_DoubleMu4_JpsiTrk_Bc_v4,192
HLT_DoubleMu4_Mass3p8_DZ_PFHT350_v12,183
Dataset_BTagMu,176
HLT_Dimuon18_PsiPrime_v18,161
HLT_Mu37_TkMu27_v9,157
AlCa_EcalPi0EEonly_v18,148
HLT_Dimuon14_PsiPrime_noCorrL1_v9,141
HLT_Mu15_IsoVVVL_PFHT450_v19,139
Dataset_MuonEG,136
HLT_Mu3er1p5_PFJet100er2p5_PFMETNoMu100_PFMHTNoMu100_IDTight_v6,136
HLT_Mu17_TrkIsoVVL_Mu8_TrkIsoVVL_DZ_Mass3p8_v9,135
Dataset_JetMET0,126
HLT_Dimuon18_PsiPrime_noCorrL1_v10,124
Dataset_ParkingHH,124
HLT_Mu17_TrkIsoVVL_Mu8_TrkIsoVVL_DZ_Mass8_v9,122
AlCa_EcalEtaEBonly_v18,117
HLT_Mu3er1p5_PFJet100er2p5_PFMET90_PFMHT90_IDTight_v6,114
Dataset_JetMET1,112
HLT_Mu17_TrkIsoVVL_Mu8_TrkIsoVVL_v18,109
HLT_DoubleMu3_DZ_PFMET70_PFMHT70_v14,108
HLT_IsoMu24_TwoProngs35_v5,101
HLT_BTagMu_AK8Jet170_DoubleMu5_v6,101
HLT_Mu17_TrkIsoVVL_Mu8_TrkIsoVVL_DZ_v19,98
HLT_PFHT280_QuadPFJet30_PNet2BTagMean0p55_v1,98
HLT_IsoMu24_OneProng32_v1,96
DST_Run3_EG30_PFScoutingPixelTracking_v20,94
Dataset_DisplacedJet,91
HLT_Mu19_TrkIsoVVL_Mu9_TrkIsoVVL_DZ_Mass3p8_v7,86
HLT_Mu19_TrkIsoVVL_Mu9_TrkIsoVVL_DZ_Mass8_v7,86
HLT_PFHT280_QuadPFJet30_PNet2BTagMean0p60_v1,85
HLT_Trimuon5_3p5_2_Upsilon_Muon_v9,79
HLT_Mu15_IsoVVVL_PFHT450_PFMET50_v19,78
HLT_PFMETNoMu110_PFMHTNoMu110_IDTight_FilterHF_v4,76
HLT_PFHT280_QuadPFJet35_PNet2BTagMean0p60_v1,74
HLT_Mu3er1p5_PFJet100er2p5_PFMET100_PFMHT100_IDTight_v6,69
HLT_Mu50_IsoVVVL_PFHT450_v19,69
HLT_IsoMu24_eta2p1_MediumDeepTauPFTauHPS20_eta2p1_SingleL1_v4,67
HLT_Mu19_TrkIsoVVL_Mu9_TrkIsoVVL_v7,66
HLT_PFMETNoMu120_PFMHTNoMu120_IDTight_PFHT60_v13,60
HLT_Mu19_TrkIsoVVL_Mu9_TrkIsoVVL_DZ_v7,60
HLT_PFMETNoMu120_PFMHTNoMu120_IDTight_FilterHF_v4,60
HLT_PFMETNoMu120_PFMHTNoMu120_IDTight_v24,60
HLT_DoubleL2Mu50_v5,58
HLT_Mu17_v17,58
HLT_L1MET_DTClusterNoMB1S50_v5,56
HLT_Mu15_IsoVVVL_PFHT600_v23,55
HLT_BTagMu_AK4Jet300_Mu5_v16,53
HLT_Mu12_DoublePFJets40MaxDeta1p6_DoublePFBTagDeepJet_p71_v5,50
HLT_CaloMET60_DTClusterNoMB1S50_v5,50
HLT_DiJet110_35_Mjj650_PFMET110_v13,49
HLT_AK8PFJet420_MassSD30_v4,48
HLT_PFHT340_QuadPFJet70_50_40_40_PNet2BTagMean0p70_v2,46
HLT_Mu12_DoublePFJets54MaxDeta1p6_DoublePFBTagDeepJet_p71_v5,46
HLT_DoubleMu4_3_Photon4_BsToMMG_v4,44
HLT_L3dTksMu10_NoVtx_DxyMin0p01cm_v4,43
HLT_VBF_DiPFJet90_40_Mjj600_Detajj2p5_Mu3_TrkIsoVVL_v2,43
HLT_DoubleMu4_3_Bs_v19,43
HLT_Mu15_v7,43
HLT_Mu3_L1SingleMu5orSingleMu7_v5,43
HLT_PFMETNoMu130_PFMHTNoMu130_IDTight_v23,42
HLT_PFMETNoMu130_PFMHTNoMu130_IDTight_FilterHF_v4,42
HLT_VBF_DiPFJet70_40_Mjj600_Detajj2p5_DiPFJet60_JetMatchingQuadJet_v2,41
HLT_CascadeMu100_v7,41
HLT_Mu25_TkMu0_Phi_v12,40
HLT_PFHT700_PFMET85_PFMHT85_IDTight_v16,39
HLT_DiMu9_Ele9_CaloIdL_TrackIdL_v21,38
HLT_Mu17_TrkIsoVVL_v17,37
HLT_DiJet110_35_Mjj650_PFMET120_v13,37
HLT_AK8PFJet500_v20,37
HLT_AK8PFJet425_SoftDropMass40_v5,37
HLT_VBF_DiPFJet95_45_Mjj600_Detajj2p5_Mu3_TrkIsoVVL_v1,37
HLT_DiMu9_Ele9_CaloIdL_TrackIdL_DZ_v21,37
HLT_Mu8_v16,36
HLT_VBF_DiPFJet75_45_Mjj600_Detajj2p5_DiPFJet60_JetMatchingQuadJet_v1,36
HLT_Mu19_v8,36
HLT_DoubleMu4_Jpsi_Displaced_v11,35
HLT_PFHT400_FivePFJet_100_100_60_30_30_DoublePFBTagDeepJet_4p5_v5,35
HLT_TrimuonOpen_5_3p5_2_Upsilon_Muon_v7,35
HLT_DoubleMu3_DZ_PFMET90_PFMHT90_v14,35
HLT_VBF_DiPFJet75_40_Mjj500_Detajj2p5_PFMET85_v2,34
HLT_AK8PFJet470_MassSD30_v4,34
HLT_AK8PFJet450_MassSD30_v4,34
HLT_AK8PFJet230_SoftDropMass40_PNetBB0p06_v1,33
HLT_PFHT1050_v22,33
HLT_PFHT500_PFMET100_PFMHT100_IDTight_v16,33
HLT_AK8PFJet250_SoftDropMass40_PNetBB0p06_v1,32
HLT_VBF_DiPFJet105_40_Mjj1000_Detajj3p5_v2,31
HLT_PFMETNoMu140_PFMHTNoMu140_IDTight_v23,31
HLT_PFMETNoMu140_PFMHTNoMu140_IDTight_FilterHF_v4,31
HLT_Mu20NoFiltersNoVtxDisplaced_Photon20_CaloCustomId_v5,31
HLT_PFHT400_FivePFJet_120_120_60_30_30_DoublePFBTagDeepJet_4p5_v5,31
HLT_BTagMu_AK8Jet300_Mu5_v16,31
HLT_CaloJet500_NoJetID_v16,31
HLT_PFJet500_v25,30
HLT_DiJet110_35_Mjj650_PFMET130_v13,30
Dataset_ParkingVBF5,29
HLT_AK8PFJet220_SoftDropMass40_PNetBB0p06_DoubleAK4PFJet60_30_PNet2BTagMean0p50_v1,29
HLT_AK8PFJet500_MassSD30_v4,29
HLT_VBF_DiPFJet80_45_Mjj500_Detajj2p5_PFMET85_v1,29
HLT_PFHT800_PFMET75_PFMHT75_IDTight_v16,29
HLT_IsoMu20_eta2p1_LooseDeepTauPFTauHPS27_eta2p1_CrossL1_v5,28
HLT_VBF_DiPFJet110_40_Mjj1000_Detajj3p5_v1,28
HLT_AK8DiPFJet270_270_MassSD30_v4,28
HLT_Mu8_TrkIsoVVL_v16,27
HLT_PFHT400_SixPFJet32_PNet2BTagMean0p50_v1,26
Dataset_ParkingVBF1,26
HLT_AK8DiPFJet280_280_MassSD30_v4,25
HLT_DoubleMu43NoFiltersNoVtx_v8,25
HLT_AK8PFJet450_SoftDropMass40_v5,24
HLT_AK8PFJet550_v15,24
HLT_Mu17_Photon30_IsoCaloId_v10,24
Dataset_ScoutingPFMonitor,24
HLT_DoubleMu4_Jpsi_NoVertexing_v11,24
HLT_VBF_DiPFJet125_45_Mjj1000_Detajj3p5_v1,24
HLT_PFHT450_SixPFJet36_PNetBTag0p35_v1,24
HLT_IsoMu27_MediumDeepTauPFTauHPS20_eta2p1_SingleL1_v4,24
HLT_DiMu4_Ele9_CaloIdL_TrackIdL_DZ_Mass3p8_v21,23
Dataset_ParkingVBF2,23
HLT_DoubleMu3_TkMu_DsTau3Mu_v8,23
HLT_BTagMu_AK4DiJet170_Mu5_v16,23
HLT_Mu6HT240_DisplacedDijet30_Inclusive1PtrkShortSig5_DisplacedLoose_v5,22
HLT_AK8PFJet275_SoftDropMass40_PNetBB0p06_v1,22
HLT_Mu19_TrkIsoVVL_v8,22
HLT_AK8PFJet230_SoftDropMass40_PNetBB0p10_v1,22
HLT_DoubleMu48NoFiltersNoVtx_v8,21
Dataset_ParkingVBF7,21
HLT_DoubleIsoMu20_eta2p1_v11,21
HLT_AK8PFJet250_SoftDropMass40_PNetBB0p10_v1,21
HLT_PFMET120_PFMHT120_IDTight_PFHT60_v13,21
HLT_PFMET120_PFMHT120_IDTight_v24,21
HLT_Dimuon0_LowMass_L1_4_v12,20
HLT_Mu8_Ele8_CaloIdM_TrackIdM_Mass8_PFHT350_DZ_v23,20
HLT_Dimuon0_Jpsi_L1_4R_0er1p5R_v11,20
HLT_Dimuon0_Jpsi_NoVertexing_L1_4R_0er1p5R_v11,20
HLT_QuadPFJet103_88_75_15_DoublePFBTagDeepJet_1p3_7p7_VBF1_v5,20
HLT_PFHT500_PFMET110_PFMHT110_IDTight_v16,20
HLT_Mu6HT240_DisplacedDijet35_Inclusive0PtrkShortSig5_v5,19
HLT_AK8PFJet220_SoftDropMass40_PNetBB0p06_DoubleAK4PFJet60_30_PNet2BTagMean0p53_v1,19
Dataset_ParkingVBF0,19
HLT_QuadPFJet105_88_76_15_DoublePFBTagDeepJet_1p3_7p7_VBF1_v5,19
AlCa_EcalEtaEEonly_v18,19
HLT_CaloJet550_NoJetID_v11,18
HLT_QuadPFJet111_90_80_15_DoublePFBTagDeepJet_1p3_7p7_VBF1_v5,18
HLT_PFJet550_v15,18
HLT_Dimuon10_Upsilon_y1p4_v5,18
Dataset_ParkingVBF6,18
HLT_DoubleMu4_3_Displaced_Photon4_BsToMMG_v4,18
HLT_Mu4_TrkIsoVVL_DiPFJet90_40_DEta3p5_MJJ750_HTT300_PFMETNoMu60_v20,17
HLT_PFMET130_PFMHT130_IDTight_v24,17
Dataset_ParkingVBF3,17
HLT_AK8DiPFJet290_290_MassSD30_v4,16
HLT_Mu8_TrkIsoVVL_DiPFJet40_DEta3p5_MJJ750_HTT300_PFMETNoMu60_v21,16
HLT_Mu6HT240_DisplacedDijet40_Inclusive0PtrkShortSig5_v5,16
HLT_AK8DiPFJet250_250_MassSD50_v4,16
HLT_Dimuon12_Upsilon_y1p4_v6,16
HLT_HighPtTkMu100_v6,16
HLT_AK8DiPFJet260_260_MassSD50_v4,15
Dataset_ParkingLLP,15
HLT_AK8PFJet220_SoftDropMass40_PNetBB0p06_DoubleAK4PFJet60_30_PNet2BTagMean0p55_v1,15
HLT_AK8PFJet220_SoftDropMass40_PNetBB0p06_DoubleAK4PFJet60_30_PNet2BTagMean0p60_v1,15
HLT_PFMETTypeOne140_PFMHT140_IDTight_v15,15
HLT_Dimuon0_LowMass_L1_0er1p5_v12,15
Dataset_HLTMonitor,15
HLT_AK8PFJet275_SoftDropMass40_PNetBB0p10_v1,15
HLT_PFMET140_PFMHT140_IDTight_v24,14
HLT_PFHT330PT30_QuadPFJet_75_60_45_40_TriplePFBTagDeepJet_4p5_v5,14
HLT_DoublePFJets116MaxDeta1p6_DoublePFBTagDeepJet_p71_v5,14
HLT_Mu6HT240_DisplacedDijet35_Inclusive1PtrkShortSig5_DisplacedLoose_v5,14
HLT_Dimuon14_Phi_Barrel_Seagulls_v11,14
HLT_Mu6HT240_DisplacedDijet40_Inclusive1PtrkShortSig5_DisplacedLoose_v5,14
HLT_BTagMu_AK4DiJet110_Mu5_v17,14
Dataset_ParkingVBF4,13
HLT_PFMETTypeOne200_BeamHaloCleaned_v13,13
HLT_Mu6HT240_DisplacedDijet45_Inclusive0PtrkShortSig5_v5,13
HLT_Mu23_TrkIsoVVL_Ele12_CaloIdL_TrackIdL_IsoVL_v11,13
HLT_Mu27_Ele37_CaloIdL_MW_v9,12
HLT_DoublePFJets128MaxDeta1p6_DoublePFBTagDeepJet_p71_v5,12
HLT_BTagMu_AK8DiJet170_Mu5_v13,12
HLT_Mu10_TrkIsoVVL_DiPFJet40_DEta3p5_MJJ750_HTT350_PFMETNoMu60_v20,12
HLT_IsoMu24_eta2p1_MediumDeepTauPFTauHPS30_L2NN_eta2p1_CrossL1_v4,11
HLT_PFMET200_BeamHaloCleaned_v13,11
HLT_Mu6HT240_DisplacedDijet50_Inclusive0PtrkShortSig5_v5,11
HLT_HT430_DisplacedDijet40_Inclusive1PtrkShortSig5_v5,10
HLT_Mu38NoFiltersNoVtxDisplaced_Photon38_CaloIdL_v5,10
HLT_HT390eta2p0_DisplacedDijet40_Inclusive1PtrkShortSig5_v1,10
HLT_Mu43NoFiltersNoVtx_Photon43_CaloIdL_v9,10
HLT_HT390_DisplacedDijet45_Inclusive1PtrkShortSig5_v1,10
Dataset_EventDisplay,10
Dataset_EGamma1,9
Dataset_EGamma0,9
HLT_Dimuon24_Phi_noCorrL1_v10,8
HLT_Photon200_v18,8
HLT_IsoMu24_eta2p1_MediumDeepTauPFTauHPS35_L2NN_eta2p1_CrossL1_v5,8
HLT_CscCluster_Loose_v4,8
HLT_Mu27_v17,8
HLT_IsoMu24_eta2p1_MediumDeepTauPFTauHPS30_L2NN_eta2p1_PFJet60_CrossL1_v4,7
HLT_IsoMu20_v19,7
HLT_QuadPFJet103_88_75_15_PFBTagDeepJet_1p3_VBF2_v5,7
HLT_Dimuon24_Upsilon_noCorrL1_v10,7
HLT_Dimuon0_LowMass_L1_TM530_v10,7
HLT_QuadPFJet105_88_76_15_PFBTagDeepJet_1p3_VBF2_v5,7
HLT_Mu23_TrkIsoVVL_Ele12_CaloIdL_TrackIdL_IsoVL_DZ_v19,7
HLT_Mu43NoFiltersNoVtxDisplaced_Photon43_CaloIdL_v5,7
HLT_Mu48NoFiltersNoVtx_Photon48_CaloIdL_v9,7
HLT_Mu37_Ele27_CaloIdL_MW_v9,7
HLT_Mu20_v16,7
HLT_Mu30_TkMu0_Upsilon_v5,6
HLT_IsoMu24_eta2p1_MediumDeepTauPFTauHPS30_L2NN_eta2p1_PFJet75_CrossL1_v4,6
HLT_VBF_DiPFJet50_Mjj500_Detajj2p5_Photon22_v1,6
HLT_Mu50_L1SingleMuShower_v3,6
HLT_BTagMu_AK4DiJet70_Mu5_v17,6
HLT_Photon300_NoHE_v17,6
HLT_Mu8_Ele8_CaloIdM_TrackIdM_Mass8_PFHT350_v23,6
HLT_Mu8_TrkIsoVVL_Ele23_CaloIdL_TrackIdL_IsoVL_DZ_v17,6
HLT_VBF_DiPFJet45_Mjj500_Detajj2p5_Photon17_v1,6
HLT_Dimuon0_Jpsi_NoVertexing_NoOS_v11,5
HLT_BTagMu_AK4DiJet40_Mu5_v17,5
HLT_Dimuon0_Jpsi_L1_NoOS_v11,5
HLT_PFHT400_FivePFJet_100_100_60_30_30_v12,5
HLT_Mu8_TrkIsoVVL_Ele23_CaloIdL_TrackIdL_IsoVL_DZ_PFDiJet30_v5,5
HLT_Mu8_TrkIsoVVL_Ele23_CaloIdL_TrackIdL_IsoVL_DZ_DoubleAK4PFJet60_30_v2,5
HLT_PFJet450_v25,5
HLT_Mu3_PFJet40_v20,5
Dataset_Tau,5
HLT_PFMET250_NotCleaned_v13,5
HLT_AK8PFJet450_v20,5
HLT_QuadPFJet111_90_80_15_PFBTagDeepJet_1p3_VBF2_v5,5
HLT_CscCluster_Tight_v4,5
HLT_CscCluster_Medium_v4,5
HLT_QuadPFJet100_88_70_30_PNet1CvsAll0p5_VBF3Tight_v2,4
HLT_Mu12_DoublePFJets100_PFBTagDeepJet_p71_v5,4
HLT_Mu8_TrkIsoVVL_Ele23_CaloIdL_TrackIdL_IsoVL_DZ_CaloDiJet30_v5,4
HLT_QuadPFJet105_88_75_30_PNet1CvsAll0p5_VBF3Tight_v2,4
HLT_PFMET200_NotCleaned_v13,4
HLT_Mu8_TrkIsoVVL_Ele23_CaloIdL_TrackIdL_IsoVL_DZ_PFDiJet30_PFBtagDeepJet_1p5_v5,4
HLT_HcalPhiSym_v18,4
HLT_Tau3Mu_Mu7_Mu1_TkMu1_IsoTau15_v8,4
HLT_Tau3Mu_Mu7_Mu1_TkMu1_IsoTau15_Charge1_v8,4
HLT_AK8PFJet230_SoftDropMass40_PNetTauTau0p03_v1,4
HLT_Mu4_L1DoubleMu_v5,4
HLT_AK8PFJet250_SoftDropMass40_PNetTauTau0p03_v1,4
HLT_Dimuon0_Jpsi_NoVertexing_v12,4
HLT_AK8PFJet275_SoftDropMass40_PNetTauTau0p03_v1,4
HLT_Mu12_DoublePFJets200_PFBTagDeepJet_p71_v5,4
HLT_Mu7p5_L2Mu2_Jpsi_v14,4
HLT_IsoMu24_eta2p1_MediumDeepTauPFTauHPS45_L2NN_eta2p1_CrossL1_v4,4
Dataset_HcalNZS,4
HLT_Mu12_TrkIsoVVL_Ele23_CaloIdL_TrackIdL_IsoVL_DZ_v19,4
Dataset_ExpressAlignment,3
HLT_Ele30_WPTight_Gsf_v5,3
HLT_ECALHT800_v14,3
HLT_Ele115_CaloIdVT_GsfTrkIdT_v19,3
HLT_IsoMu50_AK8PFJet220_SoftDropMass40_v4,3
HLT_Ele15_IsoVVVL_PFHT450_PFMET50_v20,3
HLT_Ele15_IsoVVVL_PFHT450_v20,3
HLT_QuadPFJet111_90_80_15_v9,3
HLT_DiPFJetAve500_v18,3
HLT_QuadPFJet111_90_80_30_PNet1CvsAll0p6_VBF3Tight_v2,3
HLT_Ele32_WPTight_Gsf_L1DoubleEG_v13,3
HLT_Ele32_WPTight_Gsf_v19,3
HLT_Ele35_WPTight_Gsf_v13,3
HLT_Ele38_WPTight_Gsf_v13,3
HLT_Ele40_WPTight_Gsf_v13,3
HLT_HT300_Beamspot_v15,3
HLT_PFHT590_v21,3
HLT_Ele50_CaloIdVT_GsfTrkIdT_PFJet165_v22,3
HLT_Photon60_R9Id90_CaloIdL_IsoL_DisplacedIdL_PFHT400_v2,3
HLT_HT200_L1SingleLLPJet_DisplacedDijet40_Inclusive1PtrkShortSig5_v5,3
Dataset_DQMOnlineBeamspot,3
HLT_VBF_DiPFJet110_40_Mjj1000_Detajj3p5_TriplePFJet_v1,3
HLT_CaloMET90_NotCleaned_v8,3
HLT_Mu8_TrkIsoVVL_Ele23_CaloIdL_TrackIdL_IsoVL_DZ_PFDiJet30_PNet2BTagMean0p50_v1,3
HLT_Mu8_TrkIsoVVL_Ele23_CaloIdL_TrackIdL_IsoVL_DZ_DoubleAK4PFJet60_30_PNet2BTagMean0p50_v2,3
HLT_PFHT400_SixPFJet32_v13,3
HLT_Photon60_R9Id90_CaloIdL_IsoL_DisplacedIdL_PFHT350_v2,3
HLT_IsoMu50_AK8PFJet230_SoftDropMass40_v4,3
HLT_DoubleMu3_Trk_Tau3mu_NoL1Mass_v10,3
HLT_DoubleMu3_Trk_Tau3mu_v16,3
HLT_AK8PFJet250_SoftDropMass40_PNetTauTau0p05_v1,3
HLT_Physics_v9,3
HLT_DoubleMediumDeepTauPFTauHPS30_L2NN_eta2p1_PFJet60_v4,3
HLT_HT430_DisplacedDijet40_DisplacedTrack_v17,3
HLT_MET120_IsoTrk50_v13,3
HLT_PFMET105_IsoTrk50_v5,3
HLT_MET105_IsoTrk50_v13,3
HLT_AK8PFJet230_SoftDropMass40_v5,3
HLT_AK8PFJet230_SoftDropMass40_PNetTauTau0p05_v1,3
Dataset_HLTPhysics,3
HLT_Photon60_R9Id90_CaloIdL_IsoL_DisplacedIdL_PFHT380_v2,3
HLT_AK8PFJet275_SoftDropMass40_PNetTauTau0p05_v1,3
HLT_CaloMHT90_v8,3
HLT_AK8PFJet320_v20,3
HLT_HT280_L1SingleLLPJet_DisplacedDijet40_Inclusive1PtrkShortSig5_v2,2
HLT_Mu8_TrkIsoVVL_Ele23_CaloIdL_TrackIdL_IsoVL_DZ_PFHT280_v1,2
HLT_HT200_L1SingleLLPJet_DisplacedDijet40_DisplacedTrack_v5,2
HLT_Mu12eta2p3_v5,2
HLT_AK8PFJet400_v20,2
HLT_HT200_L1SingleLLPJet_DisplacedDijet60_DisplacedTrack_v5,2
HLT_HT240_L1SingleLLPJet_DisplacedDijet40_Inclusive1PtrkShortSig5_v2,2
HLT_TripleJet110_35_35_Mjj650_PFMET110_v13,2
HLT_HT270_L1SingleLLPJet_DisplacedDijet40_DisplacedTrack_v5,2
HLT_LooseDeepTauPFTauHPS180_L2NN_eta2p1_v5,2
HLT_VBF_DiPFJet95_45_Mjj600_Detajj2p5_Mu3_TrkIsoVVL_TriplePFJet_v1,2
HLT_HT320_L1SingleLLPJet_DisplacedDijet60_Inclusive_v5,2
HLT_TripleJet110_35_35_Mjj650_PFMET120_v13,2
HLT_HT650_DisplacedDijet60_Inclusive_v17,2
HLT_Tau3Mu_Mu7_Mu1_TkMu1_Tau15_Charge1_v8,2
HLT_HT420_L1SingleLLPJet_DisplacedDijet60_Inclusive_v5,2
HLT_L1ETMHadSeeds_v5,2
HLT_HT350_DelayedJet40_SingleDelay1p75To3p5nsInclusive_v1,2
HLT_PFHT280_QuadPFJet30_v1,2
HLT_VBF_DiPFJet90_40_Mjj600_Detajj2p5_Mu3_TrkIsoVVL_TriplePFJet_v2,2
HLT_Mu12eta2p3_PFJet40_v5,2
HLT_Tau3Mu_Mu7_Mu1_TkMu1_Tau15_v8,2
HLT_DiPFJetAve260_HFJEC_v3,2
HLT_CaloMET60_DTCluster50_v5,2
HLT_Dimuon0_Upsilon_Muon_NoL1Mass_v10,2
HLT_Ele135_CaloIdVT_GsfTrkIdT_v12,2
HLT_VBF_DiPFJet45_Mjj500_Detajj2p5_MediumDeepTauPFTauHPS45_L2NN_eta2p1_v1,2
HLT_VBF_DiPFJet105_40_Mjj1000_Detajj3p5_TriplePFJet_v2,2
HLT_QuadPFJet100_88_70_30_v2,2
HLT_HT170_L1SingleLLPJet_DisplacedDijet40_DisplacedTrack_v5,2
HLT_QuadPFJet105_88_75_30_v1,2
HLT_DoubleMediumDeepTauPFTauHPS30_L2NN_eta2p1_PFJet75_v4,2
HLT_DoubleMediumDeepTauPFTauHPS35_L2NN_eta2p1_v4,2
HLT_Ele50_IsoVVVL_PFHT450_v20,2
HLT_PFHT510_v21,2
HLT_VBF_DiPFJet125_45_Mjj1000_Detajj3p5_TriplePFJet_v1,2
HLT_DoubleMu3_DoubleEle7p5_CaloIdL_TrackIdL_Upsilon_v8,1
HLT_TripleJet110_35_35_Mjj650_PFMET130_v13,1
HLT_Mu12_DoublePFJets40_PFBTagDeepJet_p71_v5,1
HLT_Mu8_DiEle12_CaloIdL_TrackIdL_v22,1
HLT_Dimuon0_Upsilon_L1_4p5er2p0_v13,1
HLT_VBF_DiPFJet70_40_Mjj600_Detajj2p5_DiPFJet60_JetMatchingSixJet_v2,1
HLT_VBF_DiPFJet75_40_Mjj500_Detajj2p5_PFMET85_TriplePFJet_v2,1
HLT_AK8PFJet140_v19,1
HLT_Dimuon0_LowMass_v12,1
HLT_IsoMu24_eta2p1_LooseDeepTauPFTauHPS30_eta2p1_CrossL1_v5,1
HLT_PFHT430_v21,1
Dataset_NoBPTX,1
HLT_CaloMET350_NotCleaned_v8,1
DST_Run3_EG16_EG12_PFScoutingPixelTracking_v20,1
HLT_Photon35_TwoProngs35_v5,1
HLT_DoubleEle8_CaloIdM_TrackIdM_Mass8_PFHT350_v24,1
HLT_PFMET300_NotCleaned_v13,1
HLT_DiPFJetAve100_HFJEC_v21,1
HLT_DiPFJetAve140_v17,1
HLT_Photon100EBHE10_v6,1
HLT_VBF_DiPFJet80_45_Mjj500_Detajj2p5_PFMET85_TriplePFJet_v1,1
HLT_VBF_DiPFJet75_45_Mjj600_Detajj2p5_DiPFJet60_JetMatchingSixJet_v1,1
HLT_L1Tau_DelayedJet40_SingleDelay3p75nsInclusive_v1,1
HLT_L1Tau_DelayedJet40_SingleDelay2p75To4nsInclusive_v1,1
HLT_HT430_DelayedJet40_SingleDelay2nsInclusive_v5,1
HLT_CDC_L2cosmic_10_er1p0_v4,1
HLT_L1Tau_DelayedJet40_SingleDelay3p5nsInclusive_v3,1
HLT_Dimuon0_Jpsi_v12,1
HLT_PFJet140_v23,1
HLT_Ele50_CaloIdVT_GsfTrkIdT_AK8PFJet220_SoftDropMass40_v4,1
HLT_Ele15_IsoVVVL_PFHT600_v24,1
HLT_Ele30_eta2p1_WPTight_Gsf_CentralPFJet35_EleCleaned_v17,1
HLT_Ele28_eta2p1_WPTight_Gsf_HT150_v17,1
HLT_PFHT680_v21,1
HLT_AK8PFJet260_v20,1
HLT_PFJet400_v24,1
HLT_Mu8_TrkIsoVVL_Ele23_CaloIdL_TrackIdL_IsoVL_v15,1
HLT_Ele50_CaloIdVT_GsfTrkIdT_AK8PFJet230_SoftDropMass40_v4,1
HLT_Mu8_TrkIsoVVL_Ele23_CaloIdL_TrackIdL_IsoVL_DZ_PFHT280_QuadPFJet30_v1,1
HLT_Mu8_TrkIsoVVL_Ele23_CaloIdL_TrackIdL_IsoVL_DZ_PFHT280_QuadPFJet30_PNet2BTagMean0p55_v1,1
HLT_DiPFJetAve320_v18,1
HLT_DiPFJetAve300_HFJEC_v20,1
HLT_DoublePFJets40_Mass500_MediumDeepTauPFTauHPS45_L2NN_MediumDeepTauPFTauHPS20_eta2p1_v4,1
HLT_DoublePFJets200_PFBTagDeepJet_p71_v5,1
HLT_BTagMu_AK4DiJet20_Mu5_v17,1
HLT_VBF_DoubleMediumDeepTauPFTauHPS20_eta2p1_v5,0
HLT_QuadPFJet103_88_75_15_v9,0
HLT_ZeroBias_Alignment_v3,0
HLT_Photon33_v9,0
HLT_QuadPFJet105_88_76_15_v9,0
HLT_Photon20_HoverELoose_v14,0
HLT_Photon32_OneProng32_M50To105_v2,0
HLT_Photon30_HoverELoose_v14,0
HLT_Photon30EB_TightID_TightIso_v5,0
HLT_UncorrectedJetE30_NoBPTX3BX_v9,0
HLT_ZeroBias_FirstBXAfterTrain_v5,0
HLT_Photon200EB_TightID_TightIso_v2,0
HLT_Photon175_v19,0
HLT_Photon175EB_TightID_TightIso_v2,0
HLT_ZeroBias_Beamspot_v8,0
HLT_ZeroBias_FirstCollisionAfterAbortGap_v7,0
HLT_Photon90_v17,0
HLTriggerFinalPath,0
HLT_Photon75EB_TightID_TightIso_v2,0
HLT_ZeroBias_FirstCollisionInTrain_v6,0
HLT_Photon60_R9Id90_HE10_IsoM_EBOnly_PFJetsMJJ300DEta3_v1,0
HLT_Photon165_R9Id90_HE10_IsoM_v19,0
HLT_Photon75_R9Id90_HE10_IsoM_v18,0
HLT_ZeroBias_IsolatedBunches_v7,0
HLT_ZeroBias_LastCollisionInTrain_v5,0
HLT_ZeroBias_v8,0
HLT_UncorrectedJetE60_NoBPTX3BX_v9,0
HLT_UncorrectedJetE70_NoBPTX3BX_v9,0
HLT_Photon50EB_TightID_TightIso_v2,0
HLT_Photon50_v17,0
HLT_Photon75_v17,0
HLT_Photon90EB_TightID_TightIso_v2,0
HLTriggerFirstPath,0
HLT_Photon50_TimeLtNeg2p5ns_v1,0
Status_OnCPU,0
HLT_Photon75_R9Id90_HE10_IsoM_EBOnly_PFJetsMJJ300DEta3_v9,0
HLT_Photon50_TimeGt2p5ns_v1,0
HLT_Photon50_R9Id90_HE10_IsoM_v18,0
HLT_Photon90_R9Id90_HE10_IsoM_v18,0
HLT_PFJetFwd80_v22,0
HLT_Photon150_v11,0
HLT_VBF_DiPFJet70_40_Mjj600_Detajj2p5_DiPFJet60_JetMatchingFiveJet_v2,0
HLT_VBF_DiPFJet45_Mjj500_Detajj2p5_Ele12_eta2p1_WPTight_Gsf_v1,0
HLT_VBF_DiPFJet45_Mjj500_Detajj2p5_Ele17_eta2p1_WPTight_Gsf_v1,0
HLT_VBF_DiPFJet45_Mjj500_Detajj2p5_Photon12_v1,0
HLT_PFJet60_v25,0
HLT_PFJet40_v25,0
HLT_PFJet40_GPUvsCPU_v2,0
HLT_PFJet320_v24,0
HLT_UncorrectedJetE30_NoBPTX_v9,0
HLT_PFJet260_v24,0
HLT_PFHT180_v21,0
HLT_PFHT250_v21,0
HLT_PFJet200_v23,0
HLT_Mu3er1p5_PFJet100er2p5_PFMET80_PFMHT80_IDTight_v6,0
HLT_PFJet200_TimeLtNeg2p5ns_v2,0
HLT_PFJet200_TimeGt2p5ns_v2,0
HLT_PFHT890_v21,0
HLT_PFHT330PT30_QuadPFJet_75_60_45_40_v13,0
HLT_PFHT780_v21,0
HLT_PFHT350_v23,0
HLT_PFHT370_v21,0
HLT_SingleEle8_v3,0
HLT_SingleEle8_SingleEGL1_v3,0
HLT_PFHT450_SixPFJet36_v12,0
HLT_VBF_DiPFJet50_Mjj500_Detajj2p5_Ele22_eta2p1_WPTight_Gsf_v1,0
HLT_VBF_DiPFJet125_45_Mjj720_Detajj3p0_v2,0
HLT_VBF_DiPFJet125_45_Mjj720_Detajj3p0_TriplePFJet_v2,0
HLT_Mu8_DiEle12_CaloIdL_TrackIdL_DZ_v22,0
HLT_Random_v3,0
HLT_Photon150EB_TightID_TightIso_v2,0
HLT_Mu3er1p5_PFJet100er2p5_PFMETNoMu80_PFMHTNoMu80_IDTight_v6,0
HLT_Mu3er1p5_PFJet100er2p5_PFMETNoMu90_PFMHTNoMu90_IDTight_v6,0
HLT_Photon130EB_TightID_TightIso_v2,0
HLT_Photon120_v17,0
HLT_Photon120_R9Id90_HE10_IsoM_v18,0
HLT_Photon110EB_TightID_TightIso_v6,0
HLT_PPSRandom_v1,0
HLT_PPSMaxTracksPerRP4_v4,0
HLT_PPSMaxTracksPerArm1_v4,0
HLT_QuadPFJet111_90_80_30_v1,0
HLT_PFJetFwd60_v23,0
HLT_PFJetFwd500_v23,0
HLT_PFJetFwd450_v23,0
HLT_PFJetFwd40_v23,0
HLT_PFJetFwd400_v23,0
HLT_PFJetFwd320_v23,0
HLT_PFJetFwd260_v23,0
HLT_PFJetFwd200_v22,0
HLT_VBF_DiPFJet75_45_Mjj600_Detajj2p5_DiPFJet60_JetMatchingFiveJet_v1,0
HLT_PFJetFwd140_v22,0
HLT_PFJet80_v25,0
HLT_Mu7p5_L2Mu2_Upsilon_v14,0
HLT_PFJet110_v4,0
AlCa_AK8PFJet40_v19,0
HLT_Mu12_TrkIsoVVL_Ele23_CaloIdL_TrackIdL_IsoVL_v11,0
HLT_DoubleEle5p5_eta1p22_mMax6_v4,0
HLT_Dimuon0_Upsilon_L1_4p5er2p0M_v11,0
HLT_Dimuon0_Upsilon_L1_4p5_v13,0
HLT_Dimuon0_LowMass_L1_4R_v11,0
HLT_Dimuon0_LowMass_L1_0er1p5R_v11,0
HLT_DiSC30_18_EIso_AND_HE_Mass70_v18,0
HLT_DiPhoton10sminlt0p1_v4,0
HLT_DiPhoton10sminlt0p12_v4,0
HLT_DiPhoton10_CaloIdL_v4,0
HLT_DiPhoton10Time2ns_v4,0
HLT_DiPhoton10Time1p8ns_v4,0
HLT_DiPhoton10Time1p6ns_v4,0
HLT_DiPhoton10Time1p4ns_v4,0
HLT_DiPhoton10Time1p2ns_v4,0
HLT_DiPhoton10Time1ns_v4,0
HLT_DiPFJetAve80_v18,0
HLT_DiPFJetAve80_HFJEC_v21,0
HLT_DiPFJetAve60_v18,0
HLT_DiPFJetAve60_HFJEC_v19,0
HLT_DiPFJetAve40_v18,0
HLT_DiPFJetAve400_v18,0
HLT_DiPFJetAve260_v18,0
HLT_DiPFJetAve220_HFJEC_v20,0
HLT_DiPFJetAve200_v17,0
HLT_DiPFJetAve160_HFJEC_v20,0
HLT_DiEle27_WPTightCaloOnly_L1DoubleEG_v8,0
HLT_CDC_L2cosmic_5p5_er1p0_v4,0
HLT_AK8PFJetFwd80_v18,0
HLT_Dimuon0_Upsilon_NoVertexing_v11,0
HLT_Diphoton20_14_eta1p5_R9IdL_AND_HET_AND_IsoTCaloIdT_v4,0
HLT_Diphoton20_14_eta1p5_R9IdL_AND_HE_AND_IsoTCaloIdT_v4,0
HLT_DoubleEle25_CaloIdL_MW_v9,0
HLT_DoubleEle5p5_eta1p22_mMax6_dz0p8_v3,0
HLT_DoubleEle5_eta1p22_mMax6_v4,0
HLT_DoubleEle5_eta1p22_mMax6_trkHits10_v3,0
HLT_DoubleEle5_eta1p22_mMax6_dz0p8_v3,0
HLT_DoubleEle4p5_eta1p22_mMax6_v4,0
HLT_DoubleEle4p5_eta1p22_mMax6_trkHits10_v3,0
HLT_DoubleEle4p5_eta1p22_mMax6_dz0p8_v3,0
HLT_DoubleEle4_eta1p22_mMax6_v4,0
HLT_DoubleEle4_eta1p22_mMax6_trkHits10_v3,0
HLT_DoubleEle4_eta1p22_mMax6_dz0p8_v3,0
HLT_DoubleEle33_CaloIdL_MW_v22,0
HLT_DoubleEle27_CaloIdL_MW_v9,0
HLT_DoubleEle24_eta2p1_WPTight_Gsf_v11,0
HLT_Diphoton22_14_eta1p5_R9IdL_AND_HET_AND_IsoTCaloIdT_v4,0
HLT_DoubleEle10_eta1p22_mMax6_v4,0
HLT_DoubleEle10_eta1p22_mMax6_trkHits10_v3,0
HLT_DoubleEle10_eta1p22_mMax6_dz0p8_v3,0
HLT_DoubleCscCluster75_v1,0
HLT_DoubleCscCluster100_v1,0
HLT_Diphoton30_22_R9Id_OR_IsoCaloId_AND_HE_R9Id_Mass95_v17,0
HLT_Diphoton30_22_R9Id_OR_IsoCaloId_AND_HE_R9Id_Mass90_v17,0
HLT_Diphoton30_18_R9IdL_AND_HE_AND_IsoCaloId_v5,0
HLT_Diphoton30_18_R9IdL_AND_HE_AND_IsoCaloId_Mass55_v5,0
HLT_Diphoton24_16_eta1p5_R9IdL_AND_HET_AND_IsoTCaloIdT_v4,0
HLT_Diphoton24_14_eta1p5_R9IdL_AND_HET_AND_IsoTCaloIdT_v4,0
HLT_Diphoton22_14_eta1p5_R9IdL_AND_HE_AND_IsoTCaloIdT_v4,0
HLT_AK8PFJetFwd60_v18,0
HLT_AK8PFJetFwd500_v19,0
HLT_AK8PFJetFwd450_v19,0
Dataset_AlCaPPSPrompt,0
Dataset_EphemeralHLTPhysics5,0
Dataset_EphemeralHLTPhysics4,0
Dataset_EphemeralHLTPhysics3,0
Dataset_EphemeralHLTPhysics2,0
Dataset_EphemeralHLTPhysics1,0
Dataset_EphemeralHLTPhysics0,0
Dataset_EcalLaser,0
Dataset_DQMPPSRandom,0
Dataset_DQMGPUvsCPU,0
Dataset_Cosmics,0
Dataset_Commissioning,0
Dataset_AlCaPhiSym,0
Dataset_AlCaPPSExpress,0
Dataset_EphemeralHLTPhysics7,0
Dataset_AlCaLumiPixelsCountsPrompt,0
Dataset_AlCaLumiPixelsCountsExpress,0
Dataset_AlCaLowPtJet,0
DST_ZeroBias_v4,0
DQM_PixelReconstruction_v6,0
DQM_HcalReconstruction_v5,0
DQM_EcalReconstruction_v6,0
AlCa_PFJet40_v24,0
AlCa_PFJet40_CPUOnly_v3,0
AlCa_LumiPixelsCounts_ZeroBias_v6,0
AlCa_LumiPixelsCounts_Random_v6,0
AlCa_EcalPhiSym_v13,0
Dataset_EphemeralHLTPhysics6,0
Dataset_EphemeralZeroBias0,0
HLT_AK8PFJetFwd40_v19,0
HLT_AK8PFJet200_v19,0
HLT_AK8PFJetFwd400_v19,0
HLT_AK8PFJetFwd320_v19,0
HLT_AK8PFJetFwd260_v19,0
HLT_AK8PFJetFwd25_v7,0
HLT_AK8PFJetFwd200_v18,0
HLT_AK8PFJetFwd15_v7,0
HLT_AK8PFJetFwd140_v18,0
HLT_AK8PFJet80_v20,0
HLT_AK8PFJet60_v19,0
HLT_AK8PFJet40_v20,0
HLT_AK8PFJet400_MassSD30_v4,0
HLT_AK8PFJet220_SoftDropMass40_v5,0
HLT_AK8DiPFJet260_260_MassSD30_v4,0
Dataset_EphemeralZeroBias1,0
HLT_AK8DiPFJet250_250_MassSD30_v4,0
Dataset_ZeroBias,0
Dataset_TestEnablesEcalHcalDQM,0
Dataset_TestEnablesEcalHcal,0
Dataset_ParkingDoubleElectronLowMass,0
Dataset_Muon1,0
Dataset_EphemeralZeroBias7,0
Dataset_EphemeralZeroBias6,0
Dataset_EphemeralZeroBias5,0
Dataset_EphemeralZeroBias4,0
Dataset_EphemeralZeroBias3,0
Dataset_EphemeralZeroBias2,0
HLT_DoubleEle5p5_eta1p22_mMax6_trkHits10_v3,0
HLT_DoubleEle6_eta1p22_mMax6_dz0p8_v3,0
HLT_Mu12_DoublePFJets350_PFBTagDeepJet_p71_v5,0
HLT_DoubleEle6_eta1p22_mMax6_trkHits10_v3,0
HLT_IsoMu24_eta2p1_LooseDeepTauPFTauHPS180_eta2p1_v5,0
HLT_HcalNZS_v16,0
HLT_HcalCalibration_v6,0
HLT_HT550_DisplacedDijet60_Inclusive_v17,0
HLT_HT430_DelayedJet40_SingleDelay2p5nsInclusive_v1,0
HLT_HT430_DelayedJet40_SingleDelay2p25nsInclusive_v1,0
HLT_HT430_DelayedJet40_SingleDelay1p5nsTrackless_v1,0
HLT_HT430_DelayedJet40_SingleDelay1p5nsInclusive_v3,0
HLT_HT430_DelayedJet40_SingleDelay1p25nsTrackless_v1,0
HLT_HT430_DelayedJet40_SingleDelay1p25To1p75nsInclusive_v1,0
HLT_HT430_DelayedJet40_SingleDelay1p1To1p6nsInclusive_v1,0
HLT_HT430_DelayedJet40_SingleDelay1nsTrackless_v5,0
HLT_HT430_DelayedJet40_SingleDelay1nsInclusive_v3,0
HLT_HT430_DelayedJet40_SingleDelay1To1p5nsInclusive_v1,0
HLT_HT430_DelayedJet40_SingleDelay0p5nsTrackless_v3,0
HLT_HT430_DelayedJet40_SingleDelay0p5nsInclusive_v3,0
HLT_HT430_DelayedJet40_DoubleDelay1p5nsInclusive_v1,0
HLT_HT430_DelayedJet40_DoubleDelay1p25nsInclusive_v1,0
HLT_HT430_DelayedJet40_DoubleDelay1nsTrackless_v1,0
HLT_HT430_DelayedJet40_DoubleDelay1nsInclusive_v5,0
HLT_HT430_DelayedJet40_DoubleDelay0p75nsTrackless_v1,0
HLT_HT430_DelayedJet40_DoubleDelay0p5nsTrackless_v5,0
HLT_HT430_DelayedJet40_DoubleDelay0p5nsInclusive_v4,0
HLT_HT425_v13,0
HLT_HT400_DisplacedDijet40_DisplacedTrack_v17,0
HLT_HT390_DisplacedDijet40_Inclusive1PtrkShortSig5_v1,0
HLT_HT360_DisplacedDijet45_Inclusive1PtrkShortSig5_v1,0
HLT_IsoMu50_AK8PFJet220_SoftDropMass40_PNetBB0p06_v1,0
HLT_IsoMu50_AK8PFJet230_SoftDropMass40_PNetBB0p06_v1,0
HLT_IsoMu50_AK8PFJet230_SoftDropMass40_PNetBB0p10_v1,0
HLT_L1Tau_DelayedJet40_DoubleDelay1p5nsTrackless_v1,0
HLT_L2Mu45_NoVertex_3Sta_NoBPTX3BX_v7,0
HLT_L2Mu40_NoVertex_3Sta_NoBPTX3BX_v8,0
HLT_L2Mu10_NoVertex_NoBPTX_v9,0
HLT_L2Mu10_NoVertex_NoBPTX3BX_v8,0
HLT_L1_CDC_SingleMu_3_er1p2_TOP120_DPHI2p618_3p142_v4,0
HLT_L1Tau_DelayedJet40_SingleDelay4nsInclusive_v1,0
HLT_L1Tau_DelayedJet40_SingleDelay3nsTrackless_v1,0
HLT_L1Tau_DelayedJet40_SingleDelay2p75nsTrackless_v1,0
HLT_L1Tau_DelayedJet40_SingleDelay2p6To4nsInclusive_v1,0
HLT_L1Tau_DelayedJet40_SingleDelay2p5nsTrackless_v3,0
HLT_L1Tau_DelayedJet40_SingleDelay2p5To4nsInclusive_v1,0
HLT_L1Tau_DelayedJet40_DoubleDelay1p75nsInclusive_v1,0
HLT_L1Tau_DelayedJet40_DoubleDelay1p5nsInclusive_v1,0
HLT_IsoTrackHB_v8,0
HLT_L1Tau_DelayedJet40_DoubleDelay1p25nsTrackless_v1,0
HLT_L1Tau_DelayedJet40_DoubleDelay1p25nsInclusive_v3,0
HLT_L1Tau_DelayedJet40_DoubleDelay1nsTrackless_v3,0
HLT_L1Tau_DelayedJet40_DoubleDelay0p75nsInclusive_v3,0
HLT_L1Tau_DelayedJet40_DoubleDelay0p5nsTrackless_v3,0
HLT_L1SingleMuCosmics_v3,0
HLT_L1SingleLLPJet_v2,0
HLT_L1Mu6HT240_v3,0
HLT_L1MET_DTCluster50_v5,0
HLT_L1CSCShower_DTCluster75_v4,0
HLT_L1CSCShower_DTCluster50_v4,0
HLT_IsoTrackHE_v8,0
HLT_HT360_DisplacedDijet40_Inclusive1PtrkShortSig5_v1,0
HLT_HT350_v1,0
HLT_HT350_DelayedJet40_SingleDelay3p5nsInclusive_v1,0
HLT_DoubleEle8_eta1p22_mMax6_v4,0
HLT_DoubleMu5_Upsilon_DoubleEle3_CaloIdL_TrackIdL_v8,0
HLT_DoubleMediumDeepTauPFTauHPS30_L2NN_eta2p1_OneProng_M5to80_v2,0
HLT_DoubleMediumChargedIsoDisplacedPFTauHPS32_Trk1_eta2p1_v5,0
HLT_DoubleEle9p5_eta1p22_mMax6_v4,0
HLT_DoubleEle9p5_eta1p22_mMax6_trkHits10_v3,0
HLT_DoubleEle9p5_eta1p22_mMax6_dz0p8_v3,0
HLT_DoubleEle9_eta1p22_mMax6_v4,0
HLT_DoubleEle9_eta1p22_mMax6_trkHits10_v3,0
HLT_DoubleEle9_eta1p22_mMax6_dz0p8_v3,0
HLT_DoubleEle8p5_eta1p22_mMax6_v4,0
HLT_DoubleEle8p5_eta1p22_mMax6_trkHits10_v3,0
HLT_DoubleEle8p5_eta1p22_mMax6_dz0p8_v3,0
HLT_DoubleEle8_eta1p22_mMax6_trkHits10_v3,0
HLT_DoublePFJets350_PFBTagDeepJet_p71_v6,0
HLT_DoubleEle8_eta1p22_mMax6_dz0p8_v3,0
HLT_DoubleEle8_CaloIdM_TrackIdM_Mass8_DZ_PFHT350_v24,0
HLT_DoubleEle7p5_eta1p22_mMax6_v4,0
HLT_DoubleEle7p5_eta1p22_mMax6_trkHits10_v3,0
HLT_DoubleEle7p5_eta1p22_mMax6_dz0p8_v3,0
HLT_DoubleEle7_eta1p22_mMax6_v4,0
HLT_DoubleEle7_eta1p22_mMax6_trkHits10_v3,0
HLT_DoubleEle7_eta1p22_mMax6_dz0p8_v3,0
HLT_DoubleEle6p5_eta1p22_mMax6_v4,0
HLT_DoubleEle6p5_eta1p22_mMax6_trkHits10_v3,0
HLT_DoubleEle6p5_eta1p22_mMax6_dz0p8_v3,0
HLT_DoubleEle6_eta1p22_mMax6_v4,0
HLT_DoublePFJets100_PFBTagDeepJet_p71_v5,0
HLT_DoublePFJets40_PFBTagDeepJet_p71_v5,0
HLT_HT350_DelayedJet40_SingleDelay3p25nsInclusive_v1,0
HLT_Ele50_CaloIdVT_GsfTrkIdT_AK8PFJet230_SoftDropMass40_PNetBB0p06_v1,0
HLT_HT350_DelayedJet40_SingleDelay3nsInclusive_v1,0
HLT_HT350_DelayedJet40_SingleDelay1p6To3p5nsInclusive_v1,0
HLT_HT350_DelayedJet40_SingleDelay1p5To3p5nsInclusive_v1,0
HLT_HT200_L1SingleLLPJet_DelayedJet40_SingleDelay2nsInclusive_v5,0
HLT_HT200_L1SingleLLPJet_DelayedJet40_SingleDelay1nsTrackless_v5,0
HLT_HT200_L1SingleLLPJet_DelayedJet40_DoubleDelay1nsInclusive_v5,0
HLT_HT200_L1SingleLLPJet_DelayedJet40_DoubleDelay0p5nsTrackless_v5,0
HLT_EphemeralZeroBias_v4,0
HLT_EphemeralPhysics_v4,0
HLT_Ele8_CaloIdM_TrackIdM_PFJet30_v22,0
HLT_Ele8_CaloIdL_TrackIdL_IsoVL_PFJet30_v20,0
HLT_Ele50_CaloIdVT_GsfTrkIdT_AK8PFJet230_SoftDropMass40_PNetBB0p10_v1,0
HLT_Ele50_CaloIdVT_GsfTrkIdT_AK8PFJet220_SoftDropMass40_PNetBB0p06_v1,0
HLT_DoublePhoton33_CaloIdL_v11,0
HLT_Ele28_HighEta_SC20_Mass55_v17,0
HLT_Ele24_eta2p1_WPTight_Gsf_LooseDeepTauPFTauHPS30_eta2p1_CrossL1_v5,0
HLT_Ele23_Ele12_CaloIdL_TrackIdL_IsoVL_v23,0
HLT_Ele23_Ele12_CaloIdL_TrackIdL_IsoVL_DZ_v23,0
HLT_Ele23_CaloIdM_TrackIdM_PFJet30_v22,0
HLT_Ele23_CaloIdL_TrackIdL_IsoVL_PFJet30_v22,0
HLT_Ele17_CaloIdM_TrackIdM_PFJet30_v20,0
HLT_Ele16_Ele12_Ele8_CaloIdL_TrackIdL_v13,0
HLT_Ele12_CaloIdL_TrackIdL_IsoVL_PFJet30_v22,0
HLT_EcalCalibration_v4,0
HLT_DoublePhoton85_v19,0
HLT_DoublePhoton70_v11,0
HLT_HT200_L1SingleLLPJet_DisplacedDijet35_Inclusive1PtrkShortSig5_v5,0
