#Data tag : 24v2 , Norm tag: None
#run:fill,ls,time,beamstatus,E(GeV),delivered(/ub),recorded(/ub),avgpu,source
370354:9049,34:34,07/09/23 19:08:46,STABLE BEAMS,6800,5848.009175688,4277.326272042,0.8,HFET
370354:9049,35:35,07/09/23 19:09:10,STABLE BEAMS,6800,47597.862026687,47318.388863469,2.5,HFET
370354:9049,36:36,07/09/23 19:09:33,STABLE BEAMS,6800,169023.738572117,166980.425939993,10.5,HFET
370354:9049,37:37,07/09/23 19:09:56,STABLE BEAMS,6800,272804.065884181,269275.420015254,27.3,HFET
370354:9049,38:38,07/09/23 19:10:20,STABLE BEAMS,6800,156890.785309180,155669.291395405,24.3,HFET
370354:9049,39:39,07/09/23 19:10:43,STABLE BEAMS,6800,41776.194031333,41539.207793347,9.1,HFET
370354:9049,40:40,07/09/23 19:11:06,STABLE BEAMS,6800,6088.435012368,6058.370308052,2.1,HFET
370354:9049,41:41,07/09/23 19:11:29,STABLE BEAMS,6800,188453.705563924,186348.666921289,1.7,HFET
370354:9049,42:42,07/09/23 19:11:53,STABLE BEAMS,6800,19763.760331030,19721.199370764,1.5,HFET
370354:9049,43:43,07/09/23 19:12:16,STABLE BEAMS,6800,73797.322381498,73443.301346856,4.7,HFET
370354:9049,44:44,07/09/23 19:12:39,STABLE BEAMS,6800,198751.321701972,196464.179253346,12.9,HFET
370354:9049,45:45,07/09/23 19:13:03,STABLE BEAMS,6800,268736.610005982,265505.265150988,35.5,HFET
370354:9049,46:46,07/09/23 19:13:26,STABLE BEAMS,6800,166340.745294479,164458.092649583,28.2,HFET
370354:9049,47:47,07/09/23 19:13:49,STABLE BEAMS,6800,57231.815389728,57018.154150373,14.2,HFET
370354:9049,48:48,07/09/23 19:14:13,STABLE BEAMS,6800,58912.024175258,58403.557807084,1.9,HFET
370354:9049,49:49,07/09/23 19:14:36,STABLE BEAMS,6800,285638.085698877,281660.795914069,35.4,HFET
370354:9049,50:50,07/09/23 19:14:59,STABLE BEAMS,6800,286690.711900116,282747.549095847,35.7,HFET
370354:9049,51:51,07/09/23 19:15:23,STABLE BEAMS,6800,286324.226825021,281887.803273757,35.7,HFET
370321:9045,39:39,07/08/23 19:41:07,STABLE BEAMS,6800,177950.583229467,31068.948995204,35.9,HFET
370321:9045,40:40,07/08/23 19:41:31,STABLE BEAMS,6800,11933.542438968,11455.886300446,0.5,HFET
370321:9045,41:41,07/08/23 19:41:54,STABLE BEAMS,6800,66328.835494318,65915.126277470,2.7,HFET
370321:9045,42:42,07/08/23 19:42:17,STABLE BEAMS,6800,216392.163556615,214007.179474378,13.4,HFET
370321:9045,43:43,07/08/23 19:42:40,STABLE BEAMS,6800,257784.208303807,254271.747108779,35.8,HFET
370321:9045,44:44,07/08/23 19:43:04,STABLE BEAMS,6800,128706.118634984,127602.999654553,25.1,HFET
370321:9045,45:45,07/08/23 19:43:27,STABLE BEAMS,6800,30007.534397152,29796.035931879,9.7,HFET
370321:9045,46:46,07/08/23 19:43:50,STABLE BEAMS,6800,26173.864653191,26017.023437787,0.7,HFET
370321:9045,47:47,07/08/23 19:44:14,STABLE BEAMS,6800,160017.628174770,153746.698527890,34.8,HFET
370321:9045,48:48,07/08/23 19:44:37,STABLE BEAMS,6800,26439.585389197,26361.124803509,1.5,HFET
370321:9045,49:49,07/08/23 19:45:00,STABLE BEAMS,6800,100983.888398422,100432.545115682,4.7,HFET
370321:9045,50:50,07/08/23 19:45:24,STABLE BEAMS,6800,241470.122283739,238326.400316141,27.1,HFET
370321:9045,51:51,07/08/23 19:45:47,STABLE BEAMS,6800,256849.977549396,253991.950158840,35.6,HFET
370321:9045,52:52,07/08/23 19:46:10,STABLE BEAMS,6800,135032.035612365,133779.012937486,28.9,HFET
370321:9045,53:53,07/08/23 19:46:34,STABLE BEAMS,6800,36840.944750789,31432.089905936,5.6,HFET
370579:9063,32:32,07/12/23 17:39:15,STABLE BEAMS,6800,22265.804805158,1821.788461859,0.5,HFET
370579:9063,33:33,07/12/23 17:39:39,STABLE BEAMS,6800,126096.199055102,101058.111783801,10.7,HFET
370579:9063,34:34,07/12/23 17:40:02,STABLE BEAMS,6800,256229.488901388,253172.019147378,27.5,HFET
370579:9063,35:35,07/12/23 17:40:25,STABLE BEAMS,6800,230073.519233956,227229.331219817,36.1,HFET
370579:9063,36:36,07/12/23 17:40:49,STABLE BEAMS,6800,82354.239194794,81679.393306641,23.6,HFET
370579:9063,37:37,07/12/23 17:41:12,STABLE BEAMS,6800,13667.769642469,13619.393808367,2.4,HFET
370579:9063,38:38,07/12/23 17:41:35,STABLE BEAMS,6800,114638.495889225,113037.450509371,0.4,HFET
370579:9063,39:39,07/12/23 17:41:59,STABLE BEAMS,6800,83354.804500735,82475.784394089,36.1,HFET
370579:9063,40:40,07/12/23 17:42:22,STABLE BEAMS,6800,43978.948895588,43688.013822307,1.6,HFET
370579:9063,41:41,07/12/23 17:42:45,STABLE BEAMS,6800,152307.166775993,151165.394094839,13.7,HFET
370579:9063,42:42,07/12/23 17:43:09,STABLE BEAMS,6800,264832.122115246,260967.859304851,28.0,HFET
370579:9063,43:43,07/12/23 17:43:32,STABLE BEAMS,6800,223802.897056251,221474.049992138,35.9,HFET
370579:9063,44:44,07/12/23 17:43:55,STABLE BEAMS,6800,87272.511934273,86643.883628434,14.0,HFET
370579:9063,45:45,07/12/23 17:44:19,STABLE BEAMS,6800,24822.883790804,24763.607976280,5.3,HFET
370579:9063,46:46,07/12/23 17:44:42,STABLE BEAMS,6800,216692.244380951,214106.068228185,1.7,HFET
370579:9063,47:47,07/12/23 17:45:05,STABLE BEAMS,6800,289978.077219339,285922.001663475,36.1,HFET
370293:9043,39:39,07/07/23 11:09:51,STABLE BEAMS,6800,298715.409438899,88715.748701393,37.2,HFET
370293:9043,40:40,07/07/23 11:10:14,STABLE BEAMS,6800,115247.615170965,113073.964746793,37.2,HFET
370293:9043,41:41,07/07/23 11:10:38,STABLE BEAMS,6800,14335.791929443,14254.521485758,0.2,HFET
370293:9043,42:42,07/07/23 11:11:01,STABLE BEAMS,6800,93186.540965975,92698.886927558,2.9,HFET
370293:9043,43:43,07/07/23 11:11:24,STABLE BEAMS,6800,249621.290977451,246392.953212955,27.3,HFET
370293:9043,44:44,07/07/23 11:11:48,STABLE BEAMS,6800,247651.075586969,244240.393915458,37.0,HFET
370293:9043,45:45,07/07/23 11:12:11,STABLE BEAMS,6800,103602.071416372,102668.809224831,26.0,HFET
370293:9043,46:46,07/07/23 11:12:34,STABLE BEAMS,6800,14731.540191027,14702.213925570,3.0,HFET
370293:9043,47:47,07/07/23 11:12:58,STABLE BEAMS,6800,90696.607094269,89224.180802722,0.4,BCM1FUT
370293:9043,48:48,07/07/23 11:13:21,STABLE BEAMS,6800,101182.109743268,99957.360479198,37.0,HFET
370293:9043,49:49,07/07/23 11:13:44,STABLE BEAMS,6800,33820.855928967,33731.257919261,1.3,HFET
370293:9043,50:50,07/07/23 11:14:08,STABLE BEAMS,6800,139230.104349805,138122.159571894,12.7,HFET
370293:9043,51:51,07/07/23 11:14:31,STABLE BEAMS,6800,264126.880136743,260660.516007300,27.6,HFET
370293:9043,52:52,07/07/23 11:14:54,STABLE BEAMS,6800,246090.300044151,242606.795498867,36.9,HFET
370293:9043,53:53,07/07/23 11:15:17,STABLE BEAMS,6800,97733.969747783,97224.023611355,15.2,HFET
370293:9043,54:54,07/07/23 11:15:41,STABLE BEAMS,6800,27557.284795712,27419.059102247,5.6,HFET
370293:9043,55:55,07/07/23 11:16:04,STABLE BEAMS,6800,211593.466721816,208902.323762712,1.8,HFET
370293:9043,56:56,07/07/23 11:16:27,STABLE BEAMS,6800,297376.109607898,292802.119825109,37.1,HFET
370293:9043,57:57,07/07/23 11:16:51,STABLE BEAMS,6800,297447.704003615,292591.912543887,37.0,HFET
370293:9043,58:58,07/07/23 11:17:14,STABLE BEAMS,6800,296442.153920680,292317.418796183,37.0,HFET
370293:9043,59:59,07/07/23 11:17:37,STABLE BEAMS,6800,293227.723366970,288792.278868426,36.5,HFET
370293:9043,60:60,07/07/23 11:18:01,STABLE BEAMS,6800,294351.354201216,286659.274983480,36.5,HFET
370497:9057,1:1,07/11/23 09:38:33,STABLE BEAMS,6800,14789.926699331,10730.965035912,0.5,HFET
370497:9057,2:2,07/11/23 09:38:57,STABLE BEAMS,6800,91370.320544774,90554.881520436,3.0,HFET
370497:9057,3:3,07/11/23 09:39:20,STABLE BEAMS,6800,240397.735535093,237155.693363590,26.2,HFET
370497:9057,4:4,07/11/23 09:39:43,STABLE BEAMS,6800,242732.160868634,240051.488878374,36.0,HFET
370497:9057,5:5,07/11/23 09:40:07,STABLE BEAMS,6800,103235.359061181,102266.846309550,25.5,HFET
370497:9057,6:6,07/11/23 09:40:30,STABLE BEAMS,6800,16029.787269167,15997.162971378,3.9,HFET
370497:9057,7:7,07/11/23 09:40:53,STABLE BEAMS,6800,81740.407639068,80546.629542269,0.3,HFET
370497:9057,8:8,07/11/23 09:41:17,STABLE BEAMS,6800,109635.203610154,108418.091889735,35.8,HFET
370497:9057,9:9,07/11/23 09:41:40,STABLE BEAMS,6800,37104.724864439,36882.367538958,1.6,HFET
370497:9057,10:10,07/11/23 09:42:03,STABLE BEAMS,6800,143200.255674742,142205.358850944,13.1,HFET
370497:9057,11:11,07/11/23 09:42:27,STABLE BEAMS,6800,259275.391846830,256041.454833205,28.2,HFET
370497:9057,12:12,07/11/23 09:42:50,STABLE BEAMS,6800,237055.575898619,234127.728062632,35.7,HFET
370497:9057,13:13,07/11/23 09:43:13,STABLE BEAMS,6800,93650.241080941,92934.857281793,16.6,HFET
370497:9057,14:14,07/11/23 09:43:36,STABLE BEAMS,6800,27120.583225050,27053.644458126,5.1,HFET
370497:9057,15:15,07/11/23 09:44:00,STABLE BEAMS,6800,185294.172827324,182821.454665274,1.7,HFET
370497:9057,16:16,07/11/23 09:44:23,STABLE BEAMS,6800,287949.971840148,283975.460700204,35.8,HFET
370497:9057,17:17,07/11/23 09:44:46,STABLE BEAMS,6800,288192.958738879,284543.660939710,35.9,HFET
370497:9057,18:18,07/11/23 09:45:10,STABLE BEAMS,6800,287415.553581650,283355.268099089,35.9,HFET
370522:9059,47:47,07/11/23 23:55:30,STABLE BEAMS,6800,14222.477696301,665.253108618,0.6,PLTZERO
370522:9059,48:48,07/11/23 23:55:53,STABLE BEAMS,6800,72053.043220406,66201.741863392,3.0,PLTZERO
370522:9059,49:49,07/11/23 23:56:17,STABLE BEAMS,6800,224022.277828355,221081.090399053,16.1,PLTZERO
370522:9059,50:50,07/11/23 23:56:40,STABLE BEAMS,6800,252963.543857040,250120.220905912,35.4,PLTZERO
370522:9059,51:51,07/11/23 23:57:03,STABLE BEAMS,6800,126682.018980066,125556.010446356,24.2,PLTZERO
370522:9059,52:52,07/11/23 23:57:27,STABLE BEAMS,6800,30363.584402003,30152.942374752,9.4,PLTZERO
370522:9059,53:53,07/11/23 23:57:50,STABLE BEAMS,6800,20937.141612709,20003.373041115,0.9,PLTZERO
370522:9059,54:54,07/11/23 23:58:13,STABLE BEAMS,6800,166714.617089242,164303.556170905,31.9,PLTZERO
370522:9059,55:55,07/11/23 23:58:37,STABLE BEAMS,6800,27044.928557837,26917.456359859,1.6,PLTZERO
370522:9059,56:56,07/11/23 23:59:00,STABLE BEAMS,6800,98153.005943861,97665.961016101,5.0,PLTZERO
370522:9059,57:57,07/11/23 23:59:23,STABLE BEAMS,6800,239027.294834350,236250.808548934,26.5,PLTZERO
370522:9059,58:58,07/11/23 23:59:46,STABLE BEAMS,6800,255476.804825348,210598.433296853,35.3,PLTZERO
370522:9059,59:59,07/12/23 00:00:10,STABLE BEAMS,6800,139833.600838528,128625.031623820,28.7,PLTZERO
370522:9059,60:60,07/12/23 00:00:33,STABLE BEAMS,6800,37518.829898315,37347.442057457,6.2,PLTZERO
370522:9059,61:61,07/12/23 00:00:56,STABLE BEAMS,6800,123000.634592850,121518.157858913,1.9,PLTZERO
370522:9059,62:62,07/12/23 00:01:20,STABLE BEAMS,6800,284486.113619453,280257.209616586,35.2,PLTZERO
370522:9059,63:63,07/12/23 00:01:43,STABLE BEAMS,6800,284969.994108956,281119.594218866,35.4,PLTZERO
370522:9059,64:64,07/12/23 00:02:06,STABLE BEAMS,6800,284327.968632177,214541.210307728,35.5,PLTZERO
370460:9055,8:8,07/11/23 03:20:19,STABLE BEAMS,6800,42507.911227150,26050.378831539,2.8,HFET
370460:9055,9:9,07/11/23 03:20:42,STABLE BEAMS,6800,153677.130538197,151808.955985065,10.9,HFET
370460:9055,10:10,07/11/23 03:21:05,STABLE BEAMS,6800,270885.047957741,267405.368711301,27.0,HFET
370460:9055,11:11,07/11/23 03:21:29,STABLE BEAMS,6800,189195.120276936,186971.831879842,34.7,HFET
370460:9055,12:12,07/11/23 03:21:52,STABLE BEAMS,6800,56107.235340558,55909.583244937,9.5,HFET
370460:9055,13:13,07/11/23 03:22:15,STABLE BEAMS,6800,9411.390553041,9192.493456292,2.4,HFET
370460:9055,14:14,07/11/23 03:22:39,STABLE BEAMS,6800,180681.370364298,177440.432191291,0.3,HFET
370460:9055,15:15,07/11/23 03:23:02,STABLE BEAMS,6800,19050.409791276,18868.913231079,8.0,HFET
370460:9055,16:16,07/11/23 03:23:25,STABLE BEAMS,6800,61978.342001675,61744.602488996,4.5,HFET
370460:9055,17:17,07/11/23 03:23:49,STABLE BEAMS,6800,173626.900396249,172058.544887405,12.6,HFET
370460:9055,18:18,07/11/23 03:24:12,STABLE BEAMS,6800,274497.468104442,270661.980119714,27.3,HFET
370460:9055,19:19,07/11/23 03:24:35,STABLE BEAMS,6800,190945.113376190,189103.390962702,29.4,HFET
370460:9055,20:20,07/11/23 03:24:58,STABLE BEAMS,6800,73117.752797077,72748.172283631,15.4,HFET
370460:9055,21:21,07/11/23 03:25:22,STABLE BEAMS,6800,28754.927353463,28672.531442055,5.8,HFET
370460:9055,22:22,07/11/23 03:25:45,STABLE BEAMS,6800,283713.032611739,279444.407041359,29.8,HFET
370460:9055,23:23,07/11/23 03:26:08,STABLE BEAMS,6800,288255.538856334,284608.677033577,35.9,HFET
370460:9055,24:24,07/11/23 03:26:32,STABLE BEAMS,6800,288264.667357413,226529.985003553,35.9,HFET
370340:9046,24:24,07/09/23 10:57:12,STABLE BEAMS,6800,289155.052867496,23955.194587642,36.0,HFET
370340:9046,25:25,07/09/23 10:57:36,STABLE BEAMS,6800,288884.088371741,246887.943619756,36.0,HFET
370340:9046,26:26,07/09/23 10:57:59,STABLE BEAMS,6800,155531.065935049,153337.507872455,35.9,HFET
370340:9046,27:27,07/09/23 10:58:22,STABLE BEAMS,6800,12236.985213792,12170.459001036,0.4,HFET
370340:9046,28:28,07/09/23 10:58:46,STABLE BEAMS,6800,66807.332592505,66365.964436984,2.5,HFET
370340:9046,29:29,07/09/23 10:59:09,STABLE BEAMS,6800,211527.928000282,207039.123263616,12.3,HFET
370340:9046,30:30,07/09/23 10:59:32,STABLE BEAMS,6800,261175.994257814,251542.155117591,35.8,HFET
370340:9046,31:31,07/09/23 10:59:56,STABLE BEAMS,6800,135238.361182659,133563.445342620,25.3,HFET
370340:9046,32:32,07/09/23 11:00:19,STABLE BEAMS,6800,33301.681754433,33081.538253639,9.9,HFET
370340:9046,33:33,07/09/23 11:00:42,STABLE BEAMS,6800,11356.498929075,11303.883213925,1.7,HFET
370340:9046,34:34,07/09/23 11:01:06,STABLE BEAMS,6800,184548.239319792,178248.000564188,23.9,HFET
370340:9046,35:35,07/09/23 11:01:29,STABLE BEAMS,6800,23913.060587605,23778.883976463,1.4,HFET
370340:9046,36:36,07/09/23 11:01:52,STABLE BEAMS,6800,84041.903233682,83506.318736908,4.8,HFET
370340:9046,37:37,07/09/23 11:02:15,STABLE BEAMS,6800,223626.723046237,218165.945305897,15.2,HFET
370340:9046,38:38,07/09/23 11:02:39,STABLE BEAMS,6800,262771.211476689,250994.601235095,35.6,HFET
370340:9046,39:39,07/09/23 11:03:02,STABLE BEAMS,6800,155868.446103845,153277.341586171,28.5,HFET
370340:9046,40:40,07/09/23 11:03:25,STABLE BEAMS,6800,46311.586292376,46113.547004714,13.9,HFET
370340:9046,41:41,07/09/23 11:03:49,STABLE BEAMS,6800,72880.097772840,70998.600410155,1.7,HFET
370340:9046,42:42,07/09/23 11:04:12,STABLE BEAMS,6800,286793.813144806,271095.185306626,35.5,HFET
370340:9046,43:43,07/09/23 11:04:35,STABLE BEAMS,6800,287682.809332457,275307.676189960,35.8,HFET
370340:9046,44:44,07/09/23 11:04:59,STABLE BEAMS,6800,287601.652855171,275491.999182117,35.8,HFET
370340:9046,45:45,07/09/23 11:05:22,STABLE BEAMS,6800,285482.490910829,278663.290808105,35.6,HFET
370406:9050,37:37,07/10/23 12:29:29,STABLE BEAMS,6800,276463.245122591,21959.912020834,36.0,HFET
370406:9050,38:38,07/10/23 12:29:52,STABLE BEAMS,6800,133290.488241472,121830.998071273,36.0,HFET
370406:9050,39:39,07/10/23 12:30:16,STABLE BEAMS,6800,12046.345886320,12012.146595744,0.2,HFET
370406:9050,40:40,07/10/23 12:30:39,STABLE BEAMS,6800,71201.522606705,70632.246807853,2.4,HFET
370406:9050,41:41,07/10/23 12:31:02,STABLE BEAMS,6800,221508.492600626,218783.498893714,24.9,HFET
370406:9050,42:42,07/10/23 12:31:25,STABLE BEAMS,6800,242500.759427094,239739.320249559,35.8,HFET
370406:9050,43:43,07/10/23 12:31:48,STABLE BEAMS,6800,117966.735727093,116810.416187375,25.4,HFET
370406:9050,44:44,07/10/23 12:32:12,STABLE BEAMS,6800,26066.228762651,25996.162621609,9.8,HFET
370406:9050,45:45,07/10/23 12:32:35,STABLE BEAMS,6800,17362.957810544,17263.398988393,0.9,HFET
370406:9050,46:46,07/10/23 12:32:59,STABLE BEAMS,6800,179943.905196581,177591.622174528,31.3,HFET
370406:9050,47:47,07/10/23 12:33:22,STABLE BEAMS,6800,23570.075808200,23496.104412343,1.5,HFET
370406:9050,48:48,07/10/23 12:33:45,STABLE BEAMS,6800,98229.813095990,97665.949593819,4.9,HFET
370406:9050,49:49,07/10/23 12:34:09,STABLE BEAMS,6800,237237.190178250,234233.491398290,26.8,HFET
370406:9050,50:50,07/10/23 12:34:32,STABLE BEAMS,6800,245889.540621681,242697.353213346,35.6,HFET
370406:9050,51:51,07/10/23 12:34:55,STABLE BEAMS,6800,123453.885884211,122256.351488475,27.8,HFET
370406:9050,52:52,07/10/23 12:35:19,STABLE BEAMS,6800,31062.634571373,30889.414503281,7.0,HFET
370406:9050,53:53,07/10/23 12:35:42,STABLE BEAMS,6800,106145.245475689,105027.830460678,1.6,HFET
370406:9050,54:54,07/10/23 12:36:05,STABLE BEAMS,6800,274272.735876790,270567.028323383,35.5,HFET
370406:9050,55:55,07/10/23 12:36:28,STABLE BEAMS,6800,275161.778686000,270920.582909335,35.7,HFET
370406:9050,56:56,07/10/23 12:36:53,STABLE BEAMS,6800,274277.540228354,270443.737612952,35.8,HFET
370406:9050,57:57,07/10/23 12:37:15,STABLE BEAMS,6800,272702.810853192,269346.809276115,35.6,HFET
370560:9062,62:62,07/12/23 12:37:34,STABLE BEAMS,6800,304544.423593165,146685.797582115,37.9,HFET
370560:9062,63:63,07/12/23 12:37:57,STABLE BEAMS,6800,68861.919482920,67515.238060623,37.9,HFET
370560:9062,64:64,07/12/23 12:38:20,STABLE BEAMS,6800,21638.454046565,21573.618075088,0.4,HFET
370560:9062,65:65,07/12/23 12:38:44,STABLE BEAMS,6800,126536.406333826,125474.718766552,10.8,HFET
370560:9062,66:66,07/12/23 12:39:07,STABLE BEAMS,6800,267232.631176335,263739.702083079,28.0,HFET
370560:9062,67:67,07/12/23 12:39:30,STABLE BEAMS,6800,240705.193055461,237612.440106271,37.8,HFET
370560:9062,68:68,07/12/23 12:39:54,STABLE BEAMS,6800,77370.012335697,76834.939976739,20.2,HFET
370560:9062,69:69,07/12/23 12:40:17,STABLE BEAMS,6800,12572.628286644,12517.894041271,2.4,HFET
370560:9062,70:70,07/12/23 12:40:40,STABLE BEAMS,6800,139647.114606074,137942.024594302,0.2,HFET
370560:9062,71:71,07/12/23 12:41:04,STABLE BEAMS,6800,63182.421131739,62105.259403111,37.7,HFET
370560:9062,72:72,07/12/23 12:41:27,STABLE BEAMS,6800,49998.490905181,49706.155786510,2.2,HFET
370560:9062,73:73,07/12/23 12:41:50,STABLE BEAMS,6800,161320.800960389,160034.952046442,13.5,HFET
370560:9062,74:74,07/12/23 12:42:14,STABLE BEAMS,6800,281474.857484923,277195.599868215,28.3,HFET
370560:9062,75:75,07/12/23 12:42:37,STABLE BEAMS,6800,229380.251303331,226945.344856665,37.1,HFET
370560:9062,76:76,07/12/23 12:43:00,STABLE BEAMS,6800,93297.096298484,92570.176927212,16.0,HFET
370560:9062,77:77,07/12/23 12:43:24,STABLE BEAMS,6800,25311.041342049,25249.372442946,6.2,HFET
370560:9062,78:78,07/12/23 12:43:47,STABLE BEAMS,6800,257720.921869746,253878.673759092,3.2,HFET
370560:9062,79:79,07/12/23 12:44:10,STABLE BEAMS,6800,304322.197274262,300204.157005510,37.9,HFET
370560:9062,80:80,07/12/23 12:44:33,STABLE BEAMS,6800,304542.353595985,300054.937715534,37.9,HFET
370560:9062,81:81,07/12/23 12:44:57,STABLE BEAMS,6800,302652.040562876,298248.259095525,37.9,HFET
370560:9062,82:82,07/12/23 12:45:20,STABLE BEAMS,6800,300387.456654466,295588.417617430,37.4,HFET
#Summary:
#nfill,nrun,nls,ncms,totdelivered(/ub),totrecorded(/ub)
#10,10,188,188,29096362.823268183,27346103.507301819
#Check JSON:
#(run,ls) in json but not in results: []
